"orderType","orderNumber","deliveryGroupId","deliveryDate","lineNbr","inventoryId","lineDescription","itemType","itemClass","requestedOn","eta","orderQty","openQty","activeAllocatedQty","allocationStatus","etaStatus","readinessStatus","displayStatus","allocationRowsCompact","manualReviewStatus","manualReviewNotes"
"BQ","BQ00892","cmrjjzeoq000cbsmbxe3yt0qx","2026-07-22","1","HGF1050MUC","Bosch 30"" Slide-In Gas Range with 5 Sealed Burners, 5.8 cu. ft. Oven Capacity, Storage Drawer, Self-Clean, Rapid Pre-Heat, Large Center Oval Burner, ADA Compliant, Sabbath Mode and Star-K Certified","F","106","2026-07-22",,"0","0","0","complete","complete","complete","Complete","","",""
"BQ","BQ00892","cmrjjzeoq000cbsmbxe3yt0qx","2026-07-22","3","HMV1055U","Bosch 30"" Over-the-Range Microwave with 1.7 cu. ft. Capacity, Multi-Speed 300 CFM Vent, Automatic Defrost, LCD Display, 1000 Watts Cooking Power, and Seamless Integration","F","106","2026-07-22","2026-07-08","1","1","1","allocated","ready","ready","Ready","[false/true/1] [true/false/1]","",""
"BQ","BQ00892","cmrjjzeoq000cbsmbxe3yt0qx","2026-07-22","5","SHE41CM5N","Bosch Dishwasher 300 Recessed Handle, , Stnlss Tub,  2 Rack, 5/3 cycles, 48 dBA - Stainless Steel, (S300  Series)","F","106","2026-07-22","2026-07-08","1","1","1","allocated","ready","ready","Ready","[false/true/1] [true/false/1]","",""
"BQ","BQ00892","cmrjjzeoq000cbsmbxe3yt0qx","2026-07-22","7","DELIVERY - GARAGE - STD","Delivery Of Standard Appliances To Garage","N","111","2026-07-22",,"1","0","0","ignored","ignored","ignored","Ignored","","",""
"C1","C106229","cmrjjzh22000rbsmb3tw6d89i","2026-07-22","1","WM9900HSA","LG 5.8 cu ft. 29"" Washer with TurboWash360, Full touch LCD screen,AI Direct Drive,ezDispense, Brushed Platinum Steel Energy Star Compliant,","F","105","2026-07-22","2026-07-17","1","1","1","allocated","ready","ready","Ready","[false/true/1] [true/false/1]","",""
"C1","C106229","cmrjjzh22000rbsmb3tw6d89i","2026-07-22","3","DLGX9901S","LG 9.0 cu ft Gas Dryer with TurboSteam, AI sensor dry, Full touch LCD Screen, Brushed Platinum Steel Energy Star Compliant,","F","105","2026-07-22","2026-07-17","1","1","1","allocated","ready","ready","Ready","[false/true/1] [true/false/1]","",""
"C1","C106229","cmrjjzh22000rbsmb3tw6d89i","2026-07-22","8","W10623830","Whirlpool Premium Steam Hose KitColor: OtherMinor Appliance (03-008SSP)","F","104","2026-07-22",,"1","1","0","not_allocated","eta_pending","eta_pending","ETA pending","[false/false/1]","",""
"C1","C106229","cmrjjzh22000rbsmb3tw6d89i","2026-07-22","10","50-105P2","Arrow Industries 5 Ft. Washer Hoses 2 Pack, ( 8212545RP )","F","104","2026-07-22",,"1","1","0","not_allocated","eta_pending","eta_pending","ETA pending","[false/false/1]","",""
"C1","C106338","cmrkv3tne0018zwmbuhn19s2a","2026-07-22","1","CT472CUFGT40#01","TOTO Glaston Washlet +S7A Two Piece Toilet Elongated Bowl","F","123","2026-07-22","2026-07-17","1","1","0","not_allocated","expected_on_time","expected_on_time","Expected on time","[false/false/1]","",""
"C1","C106338","cmrkv3tne0018zwmbuhn19s2a","2026-07-22","3","ST472EA#01","TOTO Glaston™ Two-Piece Toilet - 1.28 GPF - Cotton","F","123","2026-07-22",,"1","1","1","allocated","ready","ready","Ready","[true/false/1]","",""
"C1","C106338","cmrkv3tne0018zwmbuhn19s2a","2026-07-22","5","SW4736AT40#01","Toto Washlet® S7A - Contemporary - Elongated With Ewater+","F","103","2026-07-22","2026-07-15","1","1","1","allocated","ready","ready","Ready","[true/false/1]","",""
"C1","C106338","cmrkv3tne0018zwmbuhn19s2a","2026-07-22","7","THU857","Toto Auto-Flush Unit For 1.28Gpf","F","103","2026-07-22","2026-07-15","1","1","1","allocated","ready","ready","Ready","[true/false/1]","",""
"C1","C106479","cmrjjziop000zbsmbni6uv7a6","2026-07-22","1","HGF3050MUC","Bosch 30 Inch Gas Slide-In Range with 5 Sealed Burners, 5.8 cu. ft. Oven Capacity, Storage Drawer, Continuous Grates, Self-Clean, Steam-Assist Clean, Air Fry, Sleek Backlit User Interface, Sabbath Mode, Star-K Certified, and ADA Compliant","F","106","2026-07-22","2026-06-30","1","1","1","allocated","ready","ready","Ready","[false/true/1] [true/false/1]","",""
"C1","C106498","cmrjjzke80017bsmbugd4cf3z","2026-07-22","1","HMD8054UC","Bosch 800 Series, 30"" Drawer Microwave","F","106","2026-07-22","2026-07-06","1","1","1","allocated","ready","ready","Ready","[false/true/1] [true/false/1]","",""
"C1","C106507","cmrjjzmi2001gbsmbrw8wwmuq","2026-07-22","1","HMD8454UC","Bosch 800 Series, 24"" Drawer Microwave","F","106","2026-07-22","2026-07-13","1","1","1","allocated","ready","ready","Ready","[false/true/1] [true/false/1]","",""
"CB","CB00533","cmrjjzrgg003cbsmb5jea7v8y","2026-07-22","2","SRT484DG","Wolf 48 Sealed Burner Gas Rangetop 4 Bur","F","106","2026-07-22","2026-06-15","1","1","1","allocated","ready","ready","Ready","[false/true/1] [true/false/1]","",""
"CB","CB00533","cmrjjzrgg003cbsmb5jea7v8y","2026-07-22","4","827314","Wolf Stainless Steel Knob Kit, Srt (Free","F","104","2026-07-22","2026-07-13","1","1","0","not_allocated","expected_on_time","expected_on_time","Expected on time","[false/false/1]","",""
"CB","CB00533","cmrjjzrgg003cbsmb5jea7v8y","2026-07-22","6","DEC3050RID/R","Sub Zero 30"" Designer Column Refrigerator, Internal Dispenser, Panel Ready, Right Hinge","F","106","2026-07-22","2026-06-15","1","1","1","allocated","ready","ready","Ready","[false/true/1] [true/false/1]","",""
"CB","CB00533","cmrjjzrgg003cbsmb5jea7v8y","2026-07-22","8","DEC3050FI/L","Sub Zero 30 Inch  Designer Column Freezer With Ice Maker - Panel Ready","F","106","2026-07-22","2026-06-15","1","1","1","allocated","ready","ready","Ready","[false/true/1] [true/false/1]","",""
"CB","CB00533","cmrjjzrgg003cbsmb5jea7v8y","2026-07-22","10","SO3050TM/S/T","Wolf 30 Transitional M-Series Single Ove","F","106","2026-07-22","2026-06-15","1","1","1","allocated","ready","ready","Ready","[false/true/1] [true/false/1]","",""
"CB","CB00533","cmrjjzrgg003cbsmb5jea7v8y","2026-07-22","12","CSO3050TM/S/T","Wolf 30"" M Series Transitional Convection Steam Oven","F","106","2026-07-22","2026-06-15","1","1","1","allocated","ready","ready","Ready","[false/true/1] [true/false/1]","",""
"CB","CB00533","cmrjjzrgg003cbsmb5jea7v8y","2026-07-22","14","WWD30","Wolf Warming Drawer 30""","F","106","2026-07-22","2026-06-15","1","1","1","allocated","ready","ready","Ready","[false/true/1] [true/false/1]","",""
"CB","CB00533","cmrjjzrgg003cbsmb5jea7v8y","2026-07-22","17","DEC3650RID/R","Sub Zero 36"" Designer Column Refrigerator, Internal Dispenser, Panel Ready, Right Hinge","F","106","2026-07-22","2026-06-15","1","1","1","allocated","ready","ready","Ready","[false/true/1] [true/false/1]","",""
"CB","CB00533","cmrjjzrgg003cbsmb5jea7v8y","2026-07-22","19","KUIX515SPA","Kitchen Aid Im 15W Revdoor Fpr Pump Pa","F","105","2026-07-22","2026-06-22","1","1","1","allocated","ready","ready","Ready","[false/true/1] [false/true/1] [true/false/1]","",""
"CB","CB00533","cmrjjzrgg003cbsmb5jea7v8y","2026-07-22","22","TR5006WN","Speed Queen 26 Inch Top Load Washer with 3.2 cu ft Capacity, Ultra Quiet, Unlocked Convenience Lid, Automatic Balancing System, End of Cycle Signal, 6 Preset Cycle, Perfect Wash™, No Lid Lock, Delay Start","F","106","2026-07-22","2026-06-19","1","1","1","allocated","ready","ready","Ready","[false/true/1] [true/false/1]","",""
"CB","CB00533","cmrjjzrgg003cbsmb5jea7v8y","2026-07-22","24","DR5004WE","Speed Queen Dryer (electronic controls)","F","106","2026-07-22","2026-06-19","1","1","1","allocated","ready","ready","Ready","[false/true/1] [true/false/1]","",""
"CB","CB00533","cmrjjzrgg003cbsmb5jea7v8y","2026-07-22","26","MLD-4PD-30AMP-4FT","30 AMP, 4 PRONG DRYER CORD - 4 FOOT, (i.e. PT400L, 60-54A)","F","104","2026-07-22",,"1","1","0","not_allocated","eta_pending","eta_pending","ETA pending","[false/false/1]","",""
"CB","CB00533","cmrjjzrgg003cbsmb5jea7v8y","2026-07-22","29","SWWE50N3","LG WashTower Series 27 Inch Electric Laundry Center with 5 cu. ft. Washer Capacity, Wi-Fi Enabled, 12 Wash Cycles, 7.4 cu. ft. Dryer Capacity, 12 Dry Cycles, Energy Star Certified, WashTowe","F","106","2026-07-22","2026-06-10","1","1","1","allocated","ready","ready","Ready","[false/true/1] [true/false/1]","",""
"CB","CB00533","cmrjjzrgg003cbsmb5jea7v8y","2026-07-22","31","DELIVERY - IN HOME - BI","Delivery Of Built-In Appliances In Home.  Includes unboxing of units.  Does not include hauling away old appliances.  Does not include installation.","N","111","2026-07-22",,"1","1","0","ignored","ignored","ignored","Ignored","[false/false/1]","",""
"CB","CB00533","cmrjjzrgg003cbsmb5jea7v8y","2026-07-22","34","808152","Wolf Warming Drawer Door Kit - Integrated","F","104","2026-07-22","2026-06-15","1","1","1","allocated","ready","ready","Ready","[false/true/1] [true/false/1]","",""
"CB","CB00533","cmrjjzrgg003cbsmb5jea7v8y","2026-07-22","37","W10623830","Whirlpool Premium Steam Hose KitColor: OtherMinor Appliance","F","104","2026-07-22",,"1","1","0","not_allocated","eta_pending","eta_pending","ETA pending","[false/false/1]","",""
"CB","CB00533","cmrjjzrgg003cbsmb5jea7v8y","2026-07-22","39","MLD-4PD-30AMP-4FT","30 AMP, 4 PRONG DRYER CORD - 4 FOOT, (i.e. PT400L, 60-54A)","F","104","2026-07-22",,"1","1","0","not_allocated","eta_pending","eta_pending","ETA pending","[false/false/1]","",""
"CB","CB00533","cmrjjzrgg003cbsmb5jea7v8y","2026-07-22","41","8212638RP","Whirlpool 6Ft L, Nylon Braided Hose (Arrow 50-116P2)","F","104","2026-07-22",,"1","1","0","not_allocated","eta_pending","eta_pending","ETA pending","[false/false/1]","",""
"CB","CB00533","cmrjjzrgg003cbsmb5jea7v8y","2026-07-22","43","HBN224812SS","Best 48"" Built-In Insert, Iq12, Stainless Steel","F","106","2026-07-22","2026-06-15","1","1","1","allocated","ready","ready","Ready","[false/true/1] [true/false/1]","",""
"CB","CB00533","cmrjjzrgg003cbsmb5jea7v8y","2026-07-22","45","DW2451","Cove Built-In Dishwasher 24"",  Panel Ready","F","106","2026-07-22",,"1","1","0","not_allocated","eta_pending","eta_pending","ETA pending","[false/false/1]","",""
"CB","CB00533","cmrjjzrgg003cbsmb5jea7v8y","2026-07-22","47","PCHK11S1WSS","GE Profile, Countertop Microwave Oven, 1.1 Cu.Ft., Sensor, Smart, 800W, Built-In and Under-cabinet installation capable with optional Kits","F","105","2026-07-22","2026-06-10","1","1","1","allocated","ready","ready","Ready","[false/true/1] [true/false/1]","",""
"HW","HW06085","cmrjjzw3c004ibsmbnr2mqaku","2026-07-22","2","2284MQUS14","Emtek Modern Tubular Brass Paper Holder Pivoting Double Post Small Square Rosette - Polished Nickel","F","122","2026-07-22",,"1","1","1","allocated","ready","ready","Ready","[false/true/1] [true/false/1]","",""
"HW","HW06085","cmrjjzw3c004ibsmbnr2mqaku","2026-07-22","5","695035-GL","Brizo Litze®: Tissue Holder Luxe Gold","F","103","2026-07-22",,"1","1","1","allocated","ready","ready","Ready","[false/true/1] [true/false/1]","",""
"HW","HW06085","cmrjjzw3c004ibsmbnr2mqaku","2026-07-22","7","693535-GL","Brizo Litze®: Double Robe Hook","F","103","2026-07-22",,"2","2","2","allocated","ready","ready","Ready","[false/true/2] [true/false/2]","",""
"HW","HW06085","cmrjjzw3c004ibsmbnr2mqaku","2026-07-22","9","694735-GL","Brizo Litze®: 8"" Towel Bar","F","103","2026-07-22",,"1","1","1","allocated","ready","ready","Ready","[false/true/1] [true/false/1]","",""
"HW","HW06085","cmrjjzw3c004ibsmbnr2mqaku","2026-07-22","12","30-STP-PN","California Faucets Descanso Single Post Toilet Paper Or Hand Towel Holder / Polished Nickel - Pvd","F","125","2026-07-22","2026-07-21","1","1","1","allocated","ready","ready","Ready","[false/true/1] [true/false/1]","",""
"HW","HW06085","cmrjjzw3c004ibsmbnr2mqaku","2026-07-22","14","30-24-PN","California Faucets Descanso 24 in Towel Bar - Polished Nickel","F","122","2026-07-22","2026-07-21","2","2","2","allocated","ready","ready","Ready","[false/true/2] [true/false/2]","",""
"HW","HW06085","cmrjjzw3c004ibsmbnr2mqaku","2026-07-22","16","30-9-PN","California Faucets Descanso 9 in Hand Towel Bar - Polished Nickel","F","122","2026-07-22","2026-07-21","1","1","1","allocated","ready","ready","Ready","[false/true/1] [true/false/1]","",""
"HW","HW06085","cmrjjzw3c004ibsmbnr2mqaku","2026-07-22","19","30-VTP-SBZ","California Faucets Descanso Vertical Spare Toilet Paper Holder - Satin Bronze","F","122","2026-07-22","2026-09-04","1","1","0","not_allocated","backordered","backordered","Backordered","[false/false/1]","",""
"HW","HW06085","cmrjjzw3c004ibsmbnr2mqaku","2026-07-22","21","30-24-SBZ","Cal Faucets Descanso® 24"" Towel Bar, Premium Finish, Satin Bronze,","F","123","2026-07-22","2026-07-21","2","2","2","allocated","ready","ready","Ready","[false/true/2] [true/false/2]","",""
"HW","HW06085","cmrjjzw3c004ibsmbnr2mqaku","2026-07-22","23","30-9-SBZ","Cal Faucet Descanso®	9"" Hand Towel Bar in Satin Bronze","F","123","2026-07-22","2026-07-21","1","1","1","allocated","ready","ready","Ready","[false/true/1] [true/false/1]","",""
"HW","HW06085","cmrjjzw3c004ibsmbnr2mqaku","2026-07-22","25","30-DRH-SBZ","California Faucets Descanso Double Robe Hook - Satin Bronze","F","122","2026-07-22","2026-07-21","3","3","3","allocated","ready","ready","Ready","[false/true/3] [true/false/3]","",""
"HW","HW06085","cmrjjzw3c004ibsmbnr2mqaku","2026-07-22","28","2286MQUS14","Emtek Modern Tubular Brass Single Hook w/Small Square Rosette - Polished Nickel","F","122","2026-07-22",,"2","2","2","allocated","ready","ready","Ready","[false/true/2] [true/false/2]","",""
"HW","HW06085","cmrjjzw3c004ibsmbnr2mqaku","2026-07-22","30","DELIVERY - HARDWARE COURTESY","Delivery Hardware Courtesy","N","111","2026-07-22",,"1","1","0","ignored","ignored","ignored","Ignored","[false/false/1]","",""
"PG","PG02724","cmrjk0dwx00f7bsmb7x5th8t1","2026-07-22","5","HKM711-18VTB","WATERWORKS Henry One Hole Gooseneck Integrated Pull Spray Kitchen Faucet with Lever Handle in Vintage Brass, 2.2gpm (8.3L/min)","F","123","2026-07-22","2026-06-24","1","1","1","allocated","ready","ready","Ready","[false/true/1] [true/false/1]","",""
"PG","PG02724","cmrjk0dwx00f7bsmb7x5th8t1","2026-07-22","45","11-71059-65185","WATERWORKS Normandy 14 15/16"" x 11 7/16"" x 5 11/16"" Hammered Copper Bar Sink with Center Drain in Dark Nickel v2 LOGO","F","123","2026-07-22","2026-04-01","1","1","1","allocated","ready","ready","Ready","[false/true/1] [true/false/1]","",""
"PG","PG02724","cmrjk0dwx00f7bsmb7x5th8t1","2026-07-22","50","HKM711-18VTB","WATERWORKS Henry One Hole Gooseneck Integrated Pull Spray Kitchen Faucet with Lever Handle in Vintage Brass, 2.2gpm (8.3L/min)","F","123","2026-07-22","2026-06-24","1","1","1","allocated","ready","ready","Ready","[false/true/1] [true/false/1]","",""
"PG","PG02724","cmrjk0dwx00f7bsmb7x5th8t1","2026-07-22","90","26-12293-44544","Waterworks Universal Bar Sink Strainer 2 Inch In Dark Nickel","F","103","2026-07-22","2026-01-08","1","1","1","allocated","ready","ready","Ready","[false/true/1] [true/false/1]","",""
"PG","PG02724","cmrjk0dwx00f7bsmb7x5th8t1","2026-07-22","98","11-71059-65185","WATERWORKS Normandy 14 15/16"" x 11 7/16"" x 5 11/16"" Hammered Copper Bar Sink with Center Drain in Dark Nickel v2 LOGO","F","123","2026-07-22","2026-04-01","1","1","1","allocated","ready","ready","Ready","[false/true/1] [true/false/1]","",""
"PG","PG02724","cmrjk0dwx00f7bsmb7x5th8t1","2026-07-22","99","26-12293-44544","Waterworks Universal Bar Sink Strainer 2 Inch In Dark Nickel","F","103","2026-07-22","2025-12-17","1","1","1","allocated","ready","ready","Ready","[false/true/1] [true/false/1]","",""
"PG","PG03961","cmrjk0ne700gwbsmb06bflu9d","2026-07-22","50","KGU-413B","Kraus Granite Series Undermount Kitchen Sink 31 in - Black Onyx","F","123","2026-07-22","2026-04-20","6","6","6","allocated","ready","ready","Ready","[false/true/6] [true/false/5] [true/false/1]","",""
"PG","PG04007","cmrjk0tv300iybsmbaxkchcdb","2026-07-22","6","PROSELECT5","Mountain Plumbing 1/2 Hp Disposer, 3-Bolt Mount Matte Silver","F","123","2026-07-22",,"0","0","0","complete","complete","complete","Complete","","",""
"PG","PG04007","cmrjk0tv300iybsmbaxkchcdb","2026-07-22","17","PS136NSB","Artos Opera Thermostatic Shower Trim Kit with Hand Shower on Slide Bar - Satin  Brass","F","123","2026-07-22","2026-07-24","1","1","1","allocated","ready","ready","Ready","[false/true/1] [true/false/1]","",""
"PG","PG04048","cmrjk0ytw00k3bsmbis07vpem","2026-07-22","5","STEALTH750","Mountain Plumbing 3/4 Hp Disposer","F","123","2026-07-22",,"1","1","1","allocated","ready","ready","Ready","[true/false/1]","",""
"PG","PG04048","cmrjk0ytw00k3bsmbis07vpem","2026-07-22","7","9800-MAB","Waterstone Industrial Plp Pulldown Faucet - Lever Sprayer","F","123","2026-07-22",,"1","1","1","allocated","ready","ready","Ready","[false/true/1] [true/false/1]","",""
"PG","PG04048","cmrjk0ytw00k3bsmbis07vpem","2026-07-22","9","9010-MAB","Waterstone Industrial Air Switch","F","123","2026-07-22",,"1","1","1","allocated","ready","ready","Ready","[true/false/1]","",""
"PG","PG04048","cmrjk0ytw00k3bsmbis07vpem","2026-07-22","11","BWQ1001012","Brizo Pristive™: Tankless Under Sink 6-Stage Reverse Osmosis System","F","123","2026-07-22",,"1","1","0","not_allocated","eta_pending","eta_pending","ETA pending","[false/false/1]","",""
"PG","PG04048","cmrjk0ytw00k3bsmbis07vpem","2026-07-22","17","MT200EV/PVDBB","Mountain Plumbing Classic – Complete Stopper & Strainer Unit Waste Disposer Trim","F","103","2026-07-22",,"1","1","1","allocated","ready","ready","Ready","[true/false/1]","",""
"PG","PG04048","cmrjk0ytw00k3bsmbis07vpem","2026-07-22","23","1400HC-MAB","Waterstone Parche Hot And Cold Filtration Faucet - Lever Handles","F","123","2026-07-22",,"1","1","1","allocated","ready","ready","Ready","[false/true/1] [true/false/1]","",""
"PG","PG04048","cmrjk0ytw00k3bsmbis07vpem","2026-07-22","25","2002","Waterstone Insta Hot Under Sink System","F","123","2026-07-22",,"1","1","1","allocated","ready","ready","Ready","[false/true/1] [true/false/1]","",""
"PG","PG04048","cmrjk0ytw00k3bsmbis07vpem","2026-07-22","29","9900-MAB","Waterstone Industrial Plp Pulldown Faucet - Toggle Sprayer","F","123","2026-07-22",,"1","1","1","allocated","ready","ready","Ready","[false/true/1] [true/false/1]","",""
"PG","PG04048","cmrjk0ytw00k3bsmbis07vpem","2026-07-22","31","MT300/PVDBB","Mountain Plumbing Classic – 3-1/2? Deluxe Stemball Kitchen Sink Strainer","F","103","2026-07-22",,"1","1","1","allocated","ready","ready","Ready","[true/false/1]","",""
"PG","PG04048","cmrjk0ytw00k3bsmbis07vpem","2026-07-22","34","6307-00","Rohl Allia 32 Inch Fireclay Single Bowl Undermount Kitchen Sink","F","103","2026-07-22","2026-04-16","1","1","1","allocated","ready","ready","Ready","[false/true/1] [true/false/1]","",""
"PG","PG04048","cmrjk0ytw00k3bsmbis07vpem","2026-07-22","36","WSG6307SS","Rohl Wire Sink Grid For 6307 Kitchen Sink","F","103","2026-07-22","2026-04-16","1","1","1","allocated","ready","ready","Ready","[false/true/1] [true/false/1]","",""
"PG","PG04145","cmrjk14da00mibsmbjegzw566","2026-07-22","24","CTDRN-WH-PB","Barclay Duet 67"" Cast Iron Double Roll Top Tub - Polished Brass","F","123","2026-07-22",,"0","0","0","complete","complete","complete","Complete","","",""
"PG","PG04145","cmrjk14da00mibsmbjegzw566","2026-07-22","30","CST608CSFGAT40#01","Toto Ultramax Washlet S7A One-Piece Toilets Component part Elongated Bowl in White","F","123","2026-07-22","2026-07-31","1","1","0","not_allocated","backordered","backordered","Backordered","[false/false/1]","",""
"PG","PG04145","cmrjk14da00mibsmbjegzw566","2026-07-22","83","SW4726AT40#01","Toto S7 Washlet+ Manual Contemp Lid","F","103","2026-07-22",,"1","1","1","allocated","ready","ready","Ready","[true/false/1]","",""
"PG","PG04145","cmrjk14da00mibsmbjegzw566","2026-07-22","85","THU857","Toto Auto-Flush Unit For 1.28Gpf","F","103","2026-07-22","2026-07-31","1","1","0","not_allocated","backordered","backordered","Backordered","[false/false/1]","",""
"PG","PG04631","cmrkv586c00lrzwmbre0t5w9p","2026-07-22","1","1006-004-0125","Scala Undermount Sink Fireclay 21.75"" With Overflow - Matte Black","F","103","2026-07-22","2026-07-20","1","1","0","not_allocated","expected_on_time","expected_on_time","Expected on time","[false/false/1]","",""
"PG","PG04631","cmrkv586c00lrzwmbre0t5w9p","2026-07-22","3","MT741/MB","Mountain Plumbing Ez-Click™ Soft Touch Round Lavatory Drain - With Overflow","F","103","2026-07-22",,"1","1","0","not_allocated","eta_pending","eta_pending","ETA pending","[false/false/1]","",""
"PL","PL02508","cmrjk1byy00nybsmbbl0ks9kx","2026-07-22","1","DEC3050FI/R","Sub Zero 30"" Designer Column Freezer w/Ice, Panel Ready, Right Hinge","F","106","2026-07-22","2026-08-17","1","1","1","allocated","ready","ready","Ready","[false/true/1] [false/true/1] [true/false/1]","",""
"PL","PL02508","cmrjk1byy00nybsmbbl0ks9kx","2026-07-22","3","DEC3050R/L","Sub Zero 30"" Designer Column Refrigerator, Panel Ready, Left Hinge","F","106","2026-07-22","2026-06-01","1","1","1","allocated","ready","ready","Ready","[false/true/1] [true/false/1]","",""
"PL","PL02508","cmrjk1byy00nybsmbbl0ks9kx","2026-07-22","5","SO3050CM/B","Wolf 30"" Contemporary M-Ser Single Oven Black","F","106","2026-07-22","2026-06-08","1","1","1","allocated","ready","ready","Ready","[false/true/1] [true/false/1]","",""
"PL","PL02508","cmrjk1byy00nybsmbbl0ks9kx","2026-07-22","7","CI36560T/S","Wolf 36"" Transitional Induction Cooktop","F","106","2026-07-22","2026-06-01","1","1","1","allocated","ready","ready","Ready","[false/true/1] [true/false/1]","",""
"PL","PL02508","cmrjk1byy00nybsmbbl0ks9kx","2026-07-22","9","MM15TF/S","Wolf 15 Transitional Gas Multifunction Cooktop Module","F","106","2026-07-22","2026-06-01","1","1","1","allocated","ready","ready","Ready","[false/true/1] [true/false/1]","",""
"PL","PL02508","cmrjk1byy00nybsmbbl0ks9kx","2026-07-22","11","DELIVERY - IN HOME - BI","Delivery Of Built-In Appliances In Home.  Includes unboxing of units.  Does not include hauling away old appliances.  Does not include installation.","N","111","2026-07-22",,"1","1","0","ignored","ignored","ignored","Ignored","[false/false/1]","",""
"PL","PL02508","cmrjk1byy00nybsmbbl0ks9kx","2026-07-22","13","CSO3050CM/B","Wolf 30"" M Series Contemporary Handleless Convection Steam Oven","F","106","2026-07-22","2026-06-01","1","1","1","allocated","ready","ready","Ready","[false/true/1] [true/false/1]","",""
"PL","PL02508","cmrjk1byy00nybsmbbl0ks9kx","2026-07-22","15","HBN560212SS","Best 60"" Built-In Range Hood With True Iq Blower System, 1240 True CFM, 23-1/2"" Depth, Stainless Steel (Hbn5 Series)","F","106","2026-07-22",,"1","1","1","allocated","ready","ready","Ready","[true/false/1]","",""
"PL","PL02508","cmrjk1byy00nybsmbbl0ks9kx","2026-07-22","17","MD24TE/S","Wolf 24"" Transitional Microwave Drawer","F","106","2026-07-22","2026-06-01","1","1","1","allocated","ready","ready","Ready","[false/true/1] [true/false/1]","",""
"PL","PL02508","cmrjk1byy00nybsmbbl0ks9kx","2026-07-22","19","ID-30C","Sub Zero 30"" Designer Refrigerator/Freezer Drawers, Panel Ready","F","106","2026-07-22","2026-06-08","1","1","1","allocated","ready","ready","Ready","[false/true/1] [true/false/1]","",""
"PL","PL02508","cmrjk1byy00nybsmbbl0ks9kx","2026-07-22","25","WPD39M36SB","Best 36"" Outdoor Pro Wall Hood","F","104","2026-07-22","2026-06-01","1","1","1","allocated","ready","ready","Ready","[false/true/1] [true/false/1]","",""
"PL","PL02508","cmrjk1byy00nybsmbbl0ks9kx","2026-07-22","27","MD24TE/S","Wolf 24"" Transitional Microwave Drawer","F","106","2026-07-22","2026-06-01","1","1","1","allocated","ready","ready","Ready","[false/true/1] [true/false/1]","",""
"PL","PL02508","cmrjk1byy00nybsmbbl0ks9kx","2026-07-22","29","11636720","Miele 24"" Dishwasher Panel Ready Top Control (Stainless Steel),G 5056 SCVi (Stainless Steel.)","F","106","2026-07-22","2026-06-17","1","1","1","allocated","ready","ready","Ready","[false/true/1] [true/false/1]","",""
"PL","PL02508","cmrjk1byy00nybsmbbl0ks9kx","2026-07-22","31","11636720","Miele 24"" Dishwasher Panel Ready Top Control (Stainless Steel),G 5056 SCVi (Stainless Steel.)","F","106","2026-07-22","2026-06-17","1","1","1","allocated","ready","ready","Ready","[false/true/1] [true/false/1]","",""
"PL","PL02508","cmrjk1byy00nybsmbbl0ks9kx","2026-07-22","41","L601PSR-NG","LYNX SEDONA 36 Inch Built-in Gas Grill with 891 sq. in. Cooking Surface, ProSear Burner, 69,000 Total BTUs, 2 Stainless Steel Tube Burners, Temperature Gauge and Rotisserie: Natural Gas","F","106","2026-07-22","2026-06-03","1","1","1","allocated","ready","ready","Ready","[false/true/1] [true/false/1]","",""
"PL","PL02508","cmrjk1byy00nybsmbbl0ks9kx","2026-07-22","43","VC601","VC601 / Lynx Grill Cover","F","106","2026-07-22","2026-06-03","1","1","1","allocated","ready","ready","Ready","[false/true/1] [true/false/1]","",""
"PL","PL02596","cmrjk1eyp00oqbsmb6fcwe9u3","2026-07-22","3","DEC3650FI/L","Sub Zero 36"" Designer Column Freezer w/Ice, Panel Ready, Left Hinge","F","106","2026-07-22","2026-07-20","1","1","0","not_allocated","expected_on_time","expected_on_time","Expected on time","[false/false/1]","",""
"PL","PL02604","cmrjk1iii00q5bsmbmfgm354y","2026-07-22","2","DF48650G/S/P","Wolf 48"" Dual Fuel Range, 6 Burner, Griddle, NG","F","106","2026-07-22","2026-07-27","1","1","0","not_allocated","backordered","backordered","Backordered","[false/false/1]","",""
"PL","PL02604","cmrjk1iii00q5bsmbmfgm354y","2026-07-22","4","828440","Wolf Stainless Knob Kit For 48"" And 60"" Dual Fuel Ranges","F","104","2026-07-22","2026-07-20","1","1","1","allocated","ready","ready","Ready","[false/true/1] [true/false/1]","",""
"PL","PL02604","cmrjk1iii00q5bsmbmfgm354y","2026-07-22","7","HBN548912SS","Best HBN5 48"" BUILT-IN","F","106","2026-07-22","2026-08-03","1","1","1","allocated","ready","ready","Ready","[false/true/1] [true/false/1]","",""
"PL","PL02604","cmrjk1iii00q5bsmbmfgm354y","2026-07-22","9","DW2451","Cove Built-In Dishwasher 24"",  Panel Ready","F","106","2026-07-22",,"1","1","0","not_allocated","eta_pending","eta_pending","ETA pending","[false/false/1]","",""
"PL","PL02604","cmrjk1iii00q5bsmbmfgm354y","2026-07-22","11","CSOP3050PM/S/P","Wolf 30"" M Series Professional Convection Steam Oven - Plumbed","F","106","2026-07-22","2026-07-20","1","1","1","allocated","ready","ready","Ready","[false/true/1] [true/false/1]","",""
"PL","PL02604","cmrjk1iii00q5bsmbmfgm354y","2026-07-22","14","MDD3050PM/S/P","Wolf 30"" M Series Professional Drop-Down Door Microwave Oven,","F","106","2026-07-22","2026-07-20","1","1","0","not_allocated","expected_on_time","expected_on_time","Expected on time","[false/false/1]","",""
"PL","PL02604","cmrjk1iii00q5bsmbmfgm354y","2026-07-22","18","9056336","Wolf M-Series Pro Stainless Steel Knob Kit (No Charge Option)","F","104","2026-07-22","2026-07-20","1","1","1","allocated","ready","ready","Ready","[false/true/1] [true/false/1]","",""
"PL","PL02604","cmrjk1iii00q5bsmbmfgm354y","2026-07-22","20","DEC3050FI/L","Sub Zero 30"" Designer Column Freezer w/Ice, Panel Ready, Left Hinge","F","106","2026-07-22","2026-07-27","1","1","0","not_allocated","backordered","backordered","Backordered","[false/false/1]","",""
"PL","PL02604","cmrjk1iii00q5bsmbmfgm354y","2026-07-22","22","7023628","Sub Zero Dual Installation Kit (Handle To Handle Install)","F","104","2026-07-22",,"1","1","0","not_allocated","eta_pending","eta_pending","ETA pending","[false/false/1]","",""
"PL","PL02604","cmrjk1iii00q5bsmbmfgm354y","2026-07-22","24","DEC3050WA/L","Sub Zero 30"" Designer Wine Storage, Glass Door, Panel Ready, Left Hinge (High Altitude)","F","106","2026-07-22","2026-07-20","1","1","1","allocated","ready","ready","Ready","[false/true/1] [true/false/1]","",""
"PL","PL02604","cmrjk1iii00q5bsmbmfgm354y","2026-07-22","26","ID-30R","Sub Zero 30"" Designer Refrigerator Drawers, Panel Ready","F","106","2026-07-22","2026-07-27","1","1","0","not_allocated","backordered","backordered","Backordered","[false/false/1]","",""
"PL","PL02604","cmrjk1iii00q5bsmbmfgm354y","2026-07-22","29","SRNP110A-1SU","Scotsman 60 Lb. Stainless Steel Cabinet, Panel ready, With Pump, Indoor & Outdoor Installation","F","106","2026-07-22","2026-07-22","1","1","1","allocated","ready","ready","Ready","[false/true/1] [true/false/1]","",""
"PL","PL02604","cmrjk1iii00q5bsmbmfgm354y","2026-07-22","31","DELIVERY - IN HOME - BI","Delivery Of Built-In Appliances In Home.  Includes unboxing of units.  Does not include hauling away old appliances.  Does not include installation.","N","111","2026-07-22",,"1","1","0","ignored","ignored","ignored","Ignored","[false/false/1]","",""
"PL","PL02604","cmrjk1iii00q5bsmbmfgm354y","2026-07-22","33","7028773","Sub Zero Lock, Integrated Wine","F","104","2026-07-22","2026-07-20","1","1","1","allocated","ready","ready","Ready","[false/true/1] [true/false/1]","",""
"PL","PL02604","cmrjk1iii00q5bsmbmfgm354y","2026-07-22","35","DEC3650RID/R","Sub Zero 36"" Designer Column Refrigerator, Internal Dispenser, Panel Ready, Right Hinge","F","106","2026-07-22","2026-07-20","1","1","1","allocated","ready","ready","Ready","[false/true/1] [true/false/1]","",""
"PL","PL02604","cmrjk1iii00q5bsmbmfgm354y","2026-07-22","38","9022536","Wolf 9022536 11"" Cutting Board","F","104","2026-07-22","2026-07-20","1","1","1","allocated","ready","ready","Ready","[false/true/1] [true/false/1]","",""
"PL","PL02621","cmrjk1m1q00qzbsmbkxlv5fcz","2026-07-22","1","CL4850UFD/S/P","Sub Zero 48"" Classic French Door Refrigerator/Freezer, SS, Pro Handle","F","106","2026-07-22","2026-07-06","1","1","1","allocated","ready","ready","Ready","[false/true/1] [true/false/1]","",""
"PL","PL02621","cmrjk1m1q00qzbsmbkxlv5fcz","2026-07-22","3","GR366","Wolf 36"" Gas Range, 6 Burner, NG","F","106","2026-07-22","2026-07-06","1","1","1","allocated","ready","ready","Ready","[false/true/1] [true/false/1]","",""
"PL","PL02621","cmrjk1m1q00qzbsmbkxlv5fcz","2026-07-22","5","822194","Wolf Black Knob Kit - 36, Gas Range (Fre","F","104","2026-07-22","2026-07-06","1","1","1","allocated","ready","ready","Ready","[false/true/1] [true/false/1]","",""
"PL","PL02621","cmrjk1m1q00qzbsmbkxlv5fcz","2026-07-22","7","PW362418","Wolf 36"" Pro Wall Hood, 24"" Depth","F","106","2026-07-22","2026-07-06","1","1","1","allocated","ready","ready","Ready","[false/true/1] [true/false/1]","",""
"PL","PL02621","cmrjk1m1q00qzbsmbkxlv5fcz","2026-07-22","9","810711","Wolf Duct Cover Assy-Prowall 36,6","F","104","2026-07-22","2026-07-06","1","1","1","allocated","ready","ready","Ready","[false/true/1] [true/false/1]","",""
"PL","PL02621","cmrjk1m1q00qzbsmbkxlv5fcz","2026-07-22","11","801641","Wolf 900 Cfm Remote Blower","F","104","2026-07-22",,"1","1","1","allocated","ready","ready","Ready","[true/false/1]","",""
"PL","PL02621","cmrjk1m1q00qzbsmbkxlv5fcz","2026-07-22","13","SPO3050PE/S/P","Wolf 30"" Single Smart Electric Wall Oven with 4.7 cu. ft. Capacity, True Convection, Self-Clean, 10 Cooking Modes, Gourmet Mode, Star-K Certification and Sabbath Mode: Stainless Steel Professional Design","F","106","2026-07-22","2026-07-20","1","1","1","allocated","ready","ready","Ready","[false/true/1] [true/false/1]","",""
"PL","PL02621","cmrjk1m1q00qzbsmbkxlv5fcz","2026-07-22","15","SO3050PE/S/P","Wolf 30"" E Series Professional Built-In Single Oven","F","106","2026-07-22","2026-07-06","1","1","1","allocated","ready","ready","Ready","[false/true/1] [true/false/1]","",""
"PL","PL02621","cmrjk1m1q00qzbsmbkxlv5fcz","2026-07-22","17","DELIVERY - IN HOME - BI","Delivery Of Built-In Appliances In Home.  Includes unboxing of units.  Does not include hauling away old appliances.  Does not include installation.","N","111","2026-07-22",,"1","1","0","ignored","ignored","ignored","Ignored","[false/false/1]","",""
"SO","SO36943","cmrjk1qg200robsmbz0zqp98t","2026-07-22","1","CBIH3613BE","LG 36 Inch Induction Smart Cooktop with 5 Elements, ThinQ® Connectivity, 4.3kW Power Element, SmoothTouch™ Glass Controls, Simmer Keys, Power Boost, Automatic Cookware Detection, Child Lock and Energy Star Certified","F","105","2026-07-22","2026-01-05","1","1","1","allocated","ready","ready","Ready","[false/true/1] [true/false/1]","",""
"SO","SO36943","cmrjk1qg200robsmbz0zqp98t","2026-07-22","3","WDEP9423F","LG 9.4 cu. ft. Smart Double Wall Oven with Fan Convection, Air Fry, PrintProof® Stainless Steel","F","106","2026-07-22","2026-01-05","1","1","1","allocated","ready","ready","Ready","[false/true/1] [true/false/1]","",""
"SO","SO36943","cmrjk1qg200robsmbz0zqp98t","2026-07-22","7","MSER2090S","LG 2.0 cu. ft. Smart Inverter, Anti-Bacteria Easy Clean Coating, Sensor Cook, Stainless Steel with 2 step open door ADA Compliant,","F","105","2026-07-22","2026-06-15","1","1","1","allocated","ready","ready","Ready","[false/true/1] [false/true/1] [false/true/1] [false/true/1] [true/false/1]","",""
"SO","SO36943","cmrjk1qg200robsmbz0zqp98t","2026-07-22","9","MK2030NST","LG 30"" Stainless Steel Built-In Trim Kit","F","105","2026-07-22","2026-01-05","1","1","1","allocated","ready","ready","Ready","[false/true/1] [true/false/1]","",""
"SO","SO36943","cmrjk1qg200robsmbz0zqp98t","2026-07-22","12","EAS428S2","Elica Comfort Asti Series EAS428S2 28 Inch Cabinet Insert Range Hood with 4-Speed/400 CFM Blower, Backlight Color Touch Controls, LED Lighting, Dishwasher-Safe Mesh Filter, and CFM Reduction","F","106","2026-07-22",,"1","1","0","not_allocated","eta_pending","eta_pending","ETA pending","[false/false/1]","",""
"SO","SO36943","cmrjk1qg200robsmbz0zqp98t","2026-07-22","25","LDNTM545S","LG Top Control, Flush Depth, New handle, Auto Open Door, 46 dB, Smart Wi-Fi, 3rd Rack, PrintProof™ Stainless Steel Energy Star Compliant,","F","105","2026-07-22",,"1","1","0","not_allocated","eta_pending","eta_pending","ETA pending","[false/false/1]","",""
"SO","SO36965","cmrjk1t6f00s8bsmbe7lq07u2","2026-07-22","7","E1060I-9E1N","Fire Magic Diamond Grill, E1060I,Nat","F","106","2026-07-22","2026-06-10","1","1","1","allocated","ready","ready","Ready","[false/true/1] [true/false/1]","",""
"SO","SO36965","cmrjk1t6f00s8bsmbe7lq07u2","2026-07-22","41","32816","Fire Magic Dbl Sidbrn,Si,Diamond,Nat","F","106","2026-07-22","2026-05-13","1","1","1","allocated","ready","ready","Ready","[false/true/1] [true/false/1]","",""
"SO","SO38280","cmrjk1vo300sfbsmbryzsg79f","2026-07-22","1","KTTP515TPA","Kitchen Aid 15"" Built-In Trash Compactor with 1.4 cu. ft. Capacity, 1/3 HP, Built-In Odor Management, Solid Pack™ Control, 5:1 Compaction Ratio, Removable Key Start and Under 30-Second Cycle Time: Panel Ready","F","106","2026-07-22","2026-07-01","1","1","0","not_allocated","expected_on_time","expected_on_time","Expected on time","[false/false/1]","",""
"SO","SO38336","cmrjk1y6v00t8bsmbdodzly1f","2026-07-22","19","WZC5216LW","Whirlpool Chest Frz, 16 Cu Ft","F","105","2026-07-22","2026-06-23","1","1","0","not_allocated","expected_on_time","expected_on_time","Expected on time","[false/true/1] [false/false/1]","",""
"SO","SO38416","cmrkv5yxh00tlzwmbws6eeu4j","2026-07-22","1","RDV3-485GD-N","Fisher & Paykel 48"" Range, 5 Burners with Griddle, Self-cleaning, Natural Gas, SKU 82971","F","106","2026-07-22","2026-04-22","1","1","0","not_allocated","expected_on_time","expected_on_time","Expected on time","[false/true/1] [false/false/1]","",""
"SO","SO38416","cmrkv5yxh00tlzwmbws6eeu4j","2026-07-22","3","01-Y448-02","Arrow 1/2"" Coated Gas Line","F","104","2026-07-22",,"1","1","0","not_allocated","eta_pending","eta_pending","ETA pending","[false/false/1]","",""
"SO","SO38416","cmrkv5yxh00tlzwmbws6eeu4j","2026-07-22","4","MLD-4PR-50AMP-4FT","50 Amp, 4 Prong Range Cord - 4 Foot, (I.E. Pt500)","F","104","2026-07-22",,"1","1","0","not_allocated","eta_pending","eta_pending","ETA pending","[false/false/1]","",""
"SO","SO38416","cmrkv5yxh00tlzwmbws6eeu4j","2026-07-22","5","AK9246CS","Zephyr Cabinet Insert Range Hood with 6-Speed/1200 CFM Blower, Electronic Touch Controls, LumiLight LED Lighting, Baffle Filters, and Airflow Control Technology™: 48"" Width","F","106","2026-07-22","2026-07-01","1","1","1","allocated","ready","ready","Ready","[false/true/1] [true/false/1]","",""
"SO","SO38416","cmrkv5yxh00tlzwmbws6eeu4j","2026-07-22","6","RS3084SRHK1","Fisher & Paykel 30"" VTZ Column Refrigerator, Panel Ready, 16.3 cu ft, Stainless Interior, Internal Water, Right Hinge, SKU 26166","F","106","2026-07-22","2026-07-01","1","1","1","allocated","ready","ready","Ready","[false/true/1] [true/false/1]","",""
"SO","SO38416","cmrkv5yxh00tlzwmbws6eeu4j","2026-07-22","8","RS3084FLJK1","Fisher & Paykel 30"" VTZ Column Freezer, Panel Ready, 15.6 cu ft, Stainless Interior, Ice Only, Left Hinge (Includes Joiner Kit), SKU 26132","F","106","2026-07-22","2026-07-01","1","1","1","allocated","ready","ready","Ready","[false/true/1] [true/false/1]","",""
"SO","SO38416","cmrkv5yxh00tlzwmbws6eeu4j","2026-07-22","9","OMD24SPX1","Fisher & Paykel 24"" Microwave Drawer, 10 Power Levels, Handle-free, SKU 82991","F","106","2026-07-22","2026-07-01","1","1","0","not_allocated","expected_on_time","expected_on_time","Expected on time","[false/true/1] [false/false/1]","",""
"SO","SO38416","cmrkv5yxh00tlzwmbws6eeu4j","2026-07-22","10","KUIX515SPA","Kitchenaid 15'' Panel-Ready Automatic Ice Maker","F","105","2026-07-22","2026-06-29","1","1","1","allocated","ready","ready","Ready","[false/true/1] [true/false/1]","",""
"SO","SO38416","cmrkv5yxh00tlzwmbws6eeu4j","2026-07-22","13","KDTF924PPA","Kitchen Aid 39 dBA Panel-Ready Flush-to-cabinet Dishwasher with FreeFlex™ Fit Third Level Rack","F","105","2026-07-22","2026-06-29","1","1","1","allocated","ready","ready","Ready","[false/true/1] [true/false/1]","",""
"SO","SO38416","cmrkv5yxh00tlzwmbws6eeu4j","2026-07-22","15","LREN6321YE","LG 30 Inch Electric Smart Range with 4 Radiant Elements, 6.3 cu. ft. Capacity, ProBake Convection®, Air Fry, ThinQ®, UltraHeat™, EasyClean®, WideView™, Storage Drawer, Sabbath Mode, and ENERGY STAR® Certified","F","105","2026-07-22","2026-06-29","1","1","0","not_allocated","expected_on_time","expected_on_time","Expected on time","[false/false/1]","",""
"SO","SO38416","cmrkv5yxh00tlzwmbws6eeu4j","2026-07-22","16","LDFN3432T","LG Pocket Handle, Front Control, 50dB, Stainless Steel Tub, Stainless Steel ""Energy Star""","F","105","2026-07-22","2026-06-29","1","1","0","not_allocated","expected_on_time","expected_on_time","Expected on time","[false/false/1]","",""
"SO","SO38416","cmrkv5yxh00tlzwmbws6eeu4j","2026-07-22","17","LMV1764ST","LG 1.7 cu.ft. 300 CFM, EasyClean® Interior, White LED display, Stainless Steel EOL Date: 12/31/2025","F","105","2026-07-22","2026-06-29","1","1","0","not_allocated","expected_on_time","expected_on_time","Expected on time","[false/false/1]","",""
"SO","SO38416","cmrkv5yxh00tlzwmbws6eeu4j","2026-07-22","19","WKEX200HBA","LG 4.5 cu.ft. Washer, 7.4 cu.ft. Electric Dryer, Washtower with Center Control, TurboWash360 and TurboSteam, Black Steel ""Energy Star""","F","105","2026-07-22","2026-06-29","1","1","0","not_allocated","expected_on_time","expected_on_time","Expected on time","[false/false/1]","",""
"SO","SO38416","cmrkv5yxh00tlzwmbws6eeu4j","2026-07-22","20","8212545RP","Whirlpool Red and Blue Washer Hoses (Arrow 50-135RBP2)","F","104","2026-07-22",,"1","1","0","not_allocated","eta_pending","eta_pending","ETA pending","[false/false/1]","",""
"SO","SO38416","cmrkv5yxh00tlzwmbws6eeu4j","2026-07-22","21","MLD-4PD-30AMP-6FT","30 AMP, 4 PRONG DRYER CORD - 6 FOOT, (i.e. PT600L)","F","104","2026-07-22",,"1","1","0","not_allocated","eta_pending","eta_pending","ETA pending","[false/false/1]","",""
"SO","SO38416","cmrkv5yxh00tlzwmbws6eeu4j","2026-07-22","22","DELIVERY - IN HOME - BI","Delivery Of Built-In Appliances In Home.  Includes unboxing of units.  Does not include hauling away old appliances.  Does not include installation.","N","111","2026-07-22",,"1","1","0","ignored","ignored","ignored","Ignored","[false/false/1]","",""
"SO","SO38416","cmrkv5yxh00tlzwmbws6eeu4j","2026-07-22","23","MLD-4PR-40AMP-4FT","40 AMP, 4 PRONG RANGE CORD - 4 FOOT, (i.e. PT400, 60-44-40A)","F","104","2026-07-22",,"1","1","0","not_allocated","eta_pending","eta_pending","ETA pending","[false/false/1]","",""
"SO","SO38860","cmrjk210700tvbsmbwdyupq94","2026-07-22","1","GDE25EYKFS","GE ENERGY STAR® 24.8 Cu. Ft. Bottom-Freezer Drawer Refrigerator","F","105","2026-07-22","2026-07-15","2","2","0","not_allocated","expected_on_time","expected_on_time","Expected on time","[false/false/2]","",""
"SO","SO38860","cmrjk210700tvbsmbwdyupq94","2026-07-22","3","ZDP486NDTSS","Ge Monogram 48 Inch Dual-Fuel Professional Range With 6 Burners And Griddle (Natural Gas)","F","106","2026-07-22","2026-08-05","1","1","0","not_allocated","backordered","backordered","Backordered","[false/false/1]","",""
"SO","SO38860","cmrjk210700tvbsmbwdyupq94","2026-07-22","5","ZXPR48KKTSS","Ge Monogram Knob Kit For 48 Inch Pro Range","F","106","2026-07-22","2026-07-15","1","1","0","not_allocated","expected_on_time","expected_on_time","Expected on time","[false/false/1]","",""
"SO","SO38860","cmrjk210700tvbsmbwdyupq94","2026-07-22","7","ZTSX1FPSZSS","Ge Monogram 30"" Statement French-Door Single Wall Oven","F","106","2026-07-22","2026-07-15","1","1","0","not_allocated","expected_on_time","expected_on_time","Expected on time","[false/false/1]","",""
"SO","SO38860","cmrjk210700tvbsmbwdyupq94","2026-07-22","12","ZCWK22U2WSS","Ge Monogram Microwave Ovens, 2.2 Cu. Ft","F","105","2026-07-22","2026-07-15","1","1","0","not_allocated","expected_on_time","expected_on_time","Expected on time","[false/false/1]","",""
"SO","SO38860","cmrjk210700tvbsmbwdyupq94","2026-07-22","14","ZX2130SLSS","Ge Monogram Microwave Ovens, 30 Inch Built-","F","105","2026-07-22","2026-07-15","1","1","0","not_allocated","expected_on_time","expected_on_time","Expected on time","[false/false/1]","",""
"SO","SO38860","cmrjk210700tvbsmbwdyupq94","2026-07-22","16","ZDT800SSYSS","Monogram 24"" Fully Integrated Dishwasher - Stainless Steel","F","106","2026-07-22","2026-07-22","1","1","0","not_allocated","expected_on_time","expected_on_time","Expected on time","[false/false/1]","",""
"SO","SO38860","cmrjk210700tvbsmbwdyupq94","2026-07-22","19","ZXADH1STYSS","Monogram Statement Series 24 Inch Dishwasher Handle","F","121","2026-07-22","2026-07-15","1","1","0","not_allocated","expected_on_time","expected_on_time","Expected on time","[false/false/1]","",""
"SO","SO38966","cmrjk23h100ucbsmb6sdlykof","2026-07-22","5","KTTP515TPA","Kitchen Aid 15"" Built-In Trash Compactor with 1.4 cu. ft. Capacity, 1/3 HP, Built-In Odor Management, Solid Pack™ Control, 5:1 Compaction Ratio, Removable Key Start and Under 30-Second Cycle Time: Panel Ready","F","106","2026-07-22","2026-07-07","1","1","0","not_allocated","expected_on_time","expected_on_time","Expected on time","[false/false/1]","",""
"SO","SO39036","cmrjk26av00v0bsmbynstl53r","2026-07-22","1","W10278923RP","Whirlpool Whirlpool 6 Ft Rt Angle Dish C","F","104","2026-07-22",,"1","1","0","not_allocated","eta_pending","eta_pending","ETA pending","[false/false/1]","",""
"SO","SO39036","cmrjk26av00v0bsmbynstl53r","2026-07-22","3","MLD-4PR-40AMP-4FT","40 AMP, 4 PRONG RANGE CORD - 4 FOOT, (i.e. PT400, 60-44-40A)","F","104","2026-07-22",,"1","1","0","not_allocated","eta_pending","eta_pending","ETA pending","[false/false/1]","",""
"SO","SO39036","cmrjk26av00v0bsmbynstl53r","2026-07-22","6","WDT531HAPM","Whirlpool Dish Plastic Tall Tub ZorroColor: Monochromatic Stainless SteelMajor Appliance","F","106","2026-07-22","2026-07-06","1","1","1","allocated","ready","ready","Ready","[false/true/1] [true/false/1]","",""
"SO","SO39036","cmrjk26av00v0bsmbynstl53r","2026-07-22","8","WFES3530RS","Whirlpool 30"" Range Two Dual Selfclean","F","105","2026-07-22","2026-07-06","1","1","0","not_allocated","expected_on_time","expected_on_time","Expected on time","[false/false/1]","",""
"SO","SO39036","cmrjk26av00v0bsmbynstl53r","2026-07-22","10","INSTALL-MLD","Internal Installation - MLD - Electric Range","L","113","2026-07-22",,"1","1","0","not_allocated","eta_pending","eta_pending","ETA pending","[false/false/1]","",""
"SO","SO39036","cmrjk26av00v0bsmbynstl53r","2026-07-22","12","WMMS3330RZ","Whirlpool 1.9 cu. ft. Over-the-Range Microwave Oven with 1,000 Watts, 3-Speed 300 CFM Venting System, Sensor Cook, Glass Turntable, and Cooktop Lighting: Fingerprint Resistant Stainless Steel","F","105","2026-07-22","2026-07-06","1","1","1","allocated","ready","ready","Ready","[false/true/1] [true/false/1]","",""
"SO","SO39036","cmrjk26av00v0bsmbynstl53r","2026-07-22","14","INSTALL-MLD","Internal Installation - MLD - Microhood","L","113","2026-07-22",,"1","1","0","not_allocated","eta_pending","eta_pending","ETA pending","[false/false/1]","",""
"SO","SO39036","cmrjk26av00v0bsmbynstl53r","2026-07-22","16","INSTALL-MLD","Internal Installation - MLD - Dishwasher Attach power cord and set in place (No Water Connection)","L","113","2026-07-22",,"1","1","0","not_allocated","eta_pending","eta_pending","ETA pending","[false/false/1]","",""
"SO","SO39038","cmrjk28dp00vhbsmbbt64yeph","2026-07-22","1","KOEC530SPS","KitchenAid 30 Inch Double Combination Electric Wall Oven with 6.4 cu. ft. Total Capacity, True Convection, Self-Cleaning, Air Fry, Integrated Thermometer, Halogen Lighting, Temperature Probe, Turntable, Glass Touch Digital Display, Sabbath Mode and Star-K","F","105","2026-07-22",,"1","1","1","allocated","ready","ready","Ready","[false/true/1] [true/false/1]","",""
"SO","SO39038","cmrjk28dp00vhbsmbbt64yeph","2026-07-22","3","KCGK536SSS","Kitchen Aid 36"" Gas Cooktop With Dual Ring","F","105","2026-07-22",,"1","1","1","allocated","ready","ready","Ready","[false/true/1] [true/false/1]","",""
"SO","SO39038","cmrjk28dp00vhbsmbbt64yeph","2026-07-22","5","KDTS324SPS","Kitchenaid Third Level Jet Rack Dishwasher with 40+ Total Wash Jets, 41 dBA  Color: PrintShield Stainless","F","105","2026-07-22","2026-07-20","1","1","0","not_allocated","expected_on_time","expected_on_time","Expected on time","[false/false/1]","",""
"SO","SO39038","cmrjk28dp00vhbsmbbt64yeph","2026-07-22","7","EAS428S2","Elica Comfort Asti Series EAS428S2 28 Inch Cabinet Insert Range Hood with 4-Speed/400 CFM Blower, Backlight Color Touch Controls, LED Lighting, Dishwasher-Safe Mesh Filter, and CFM Reduction","F","106","2026-07-22",,"1","1","0","not_allocated","eta_pending","eta_pending","ETA pending","[false/false/1]","",""
"SO","SO39038","cmrjk28dp00vhbsmbbt64yeph","2026-07-22","9","DELIVERY - GARAGE - STD","Delivery Of Standard Appliances To Garage","N","111","2026-07-22",,"1","0","0","ignored","ignored","ignored","Ignored","","",""
"SO","SO39042","cmrjk2b8w00wfbsmbds782mwg","2026-07-22","1","DEC3650RID/R","Sub Zero 36"" Designer Column Refrigerator, Internal Dispenser, Panel Ready, Right Hinge","F","106","2026-07-22","2026-06-08","1","1","1","allocated","ready","ready","Ready","[false/true/1] [true/false/1]","",""
"SO","SO39042","cmrjk2b8w00wfbsmbds782mwg","2026-07-22","3","DEC3650FI/L","Sub Zero 36"" Designer Column Freezer w/Ice, Panel Ready, Left Hinge","F","106","2026-07-22","2026-08-10","1","1","0","not_allocated","backordered","backordered","Backordered","[false/false/1]","",""
"SO","SO39042","cmrjk2b8w00wfbsmbds782mwg","2026-07-22","5","7023628","Sub Zero Dual Installation Kit (Handle To Handle Install)","F","104","2026-07-22",,"1","1","1","allocated","ready","ready","Ready","[true/false/1]","",""
"SO","SO39042","cmrjk2b8w00wfbsmbds782mwg","2026-07-22","7","DO3050TE/S/T","Wolf 30"" E Series Transitional Built-In Double Oven","F","106","2026-07-22",,"1","1","1","allocated","ready","ready","Ready","[false/true/1] [true/false/1]","",""
"SO","SO39042","cmrjk2b8w00wfbsmbds782mwg","2026-07-22","9","SRT486G","Wolf 48"" Sealed Burner Rangetop, 6 Burner, Griddle, NG","F","106","2026-07-22","2026-06-15","1","1","1","allocated","ready","ready","Ready","[false/true/1] [false/true/1] [true/false/1]","",""
"SO","SO39042","cmrjk2b8w00wfbsmbds782mwg","2026-07-22","11","SHX78DM5N","Bosch 800 Standard Bar Hndl, 42 dBA, InfoLight, CrystalDry - SS","F","106","2026-07-22",,"1","1","1","allocated","ready","ready","Ready","[false/true/1] [true/false/1]","",""
"SO","SO39042","cmrjk2b8w00wfbsmbds782mwg","2026-07-22","13","BH352PSLDSS","Vent-A-Hood Wall Mount Liner 900 CFM","F","106","2026-07-22","2026-07-15","1","1","1","allocated","ready","ready","Ready","[false/true/1] [true/false/1]","",""
"SO","SO39042","cmrjk2b8w00wfbsmbds782mwg","2026-07-22","15","VP563","Vent-A-Hood TRANSITION","F","104","2026-07-22","2026-07-15","1","1","1","allocated","ready","ready","Ready","[false/true/1] [true/false/1]","",""
"SO","SO39042","cmrjk2b8w00wfbsmbds782mwg","2026-07-22","17","DELIVERY - IN HOME - BI","Delivery Of Built-In Appliances In Home.  Includes unboxing of units.  Does not include hauling away old appliances.  Does not include installation.","N","111","2026-07-22",,"1","1","0","ignored","ignored","ignored","Ignored","[false/false/1]","",""
"SO","SO39042","cmrjk2b8w00wfbsmbds782mwg","2026-07-22","19","SHX78DM5N","Bosch 800 Standard Bar Hndl, 42 dBA, InfoLight, CrystalDry - SS","F","106","2026-07-22","2026-07-08","1","1","1","allocated","ready","ready","Ready","[false/true/1] [false/true/1] [true/false/1]","",""
"SO","SO39322","cmrjk2doi00wvbsmbcbh5y8c2","2026-07-22","1","HER366BCFEPAG","Bertazzoni 36 Inch Freestanding Dual Fuel Range with 6 Sealed Burners, 5.7 cu. ft. Capacity, Continuous Grates, Self-Cleaning, and 19000 BTU Power Burner: NG, Nero Black","F","106","2026-07-22",,"1","1","1","allocated","ready","ready","Ready","[false/true/1] [true/false/1]","",""
"SO","SO39322","cmrjk2doi00wvbsmbcbh5y8c2","2026-07-22","3","DSHERTKHGO","Bertazzoni Kit Includes (12) Knobs and  8 Handle Finials: (3) Pairs for Range & (1) Pair for Hood, Gold","F","104","2026-07-22",,"0","0","0","complete","complete","complete","Complete","","",""
"SO","SO39322","cmrjk2doi00wvbsmbcbh5y8c2","2026-07-22","5","HBN548912SS","Best HBN5 48"" BUILT-IN","F","106","2026-07-22",,"1","1","1","allocated","ready","ready","Ready","[true/false/1]","",""
"SO","SO39322","cmrjk2doi00wvbsmbcbh5y8c2","2026-07-22","7","RS2435SBL1","Fisher & Paykel 24"" Undercounter Beverage Refrigerator, 4.6 cu. ft., Panel Ready Solid Door, Left Hinge (Reversible Door)","F","106","2026-07-22",,"1","1","1","allocated","ready","ready","Ready","[false/true/1] [true/false/1]","",""
"SO","SO39322","cmrjk2doi00wvbsmbcbh5y8c2","2026-07-22","9","DELIVERY - IN HOME - BI","Delivery Of Built-In Appliances In Home.  Includes unboxing of units.  Does not include hauling away old appliances.  Does not include installation.","N","111","2026-07-22",,"1","1","0","ignored","ignored","ignored","Ignored","[false/false/1]","",""
"SO","SO39352","cmrjk2g5i00xlbsmbulnpk6rr","2026-07-22","1","GSS28NYYFS","GE Refrigerator, Std-Depth\""28.0 CuFt\""Hidden Hinge\""Extrnl Ice,Water Dispnr\""XWFE Filter\""ADA Compliant \ Connectable via module, FS - Anti-Fingerprint Stainless","F","105","2026-07-22",,"1","1","1","allocated","ready","ready","Ready","[true/false/1]","",""
"SO","SO39352","cmrjk2g5i00xlbsmbulnpk6rr","2026-07-22","3","JGP5036SLSS","GE Cooktop, 36"" Width\Gas Cktp\5 Burners\2x 15,000 BTU Power Boil Burners\ADA Compliant \ Not Connectable, SS-Stainless Steel","F","105","2026-07-22","2026-07-01","1","1","1","allocated","ready","ready","Ready","[false/true/1] [true/false/1]","",""
"SO","SO39352","cmrjk2g5i00xlbsmbulnpk6rr","2026-07-22","5","JTS5000SVSS","GE Wall Oven, 30"" Width\30"" Width\5.0 CuFt\Conv Oven\Glass-Tch Cntrls\True European Conv\Prec Ckg, Hot-Air Fry\ADA Compliant \ Connectable via built-in WiFi, SS-Stainless Steel","F","105","2026-07-22","2026-07-01","1","1","1","allocated","ready","ready","Ready","[false/true/1] [true/false/1]","",""
"SO","SO39352","cmrjk2g5i00xlbsmbulnpk6rr","2026-07-22","7","PCWK22U1WDD","GE Profile Series Microwave Oven, 1,100W\""2.2 CuFt\""Sensor\""WiFi Connect\""Time Defrost\""ADA Compliant \ Connectable via built-in WiFi, DD-Dark Dorian","F","105","2026-07-22","2026-07-01","1","1","1","allocated","ready","ready","Ready","[false/true/1] [true/false/1]","",""
"SO","SO39352","cmrjk2g5i00xlbsmbulnpk6rr","2026-07-22","9","JX7230SLSS","GE Profile Series Microwave Oven, Inst Kit\Stainless\30"" Width \ Not Connectable, SS-Stainless Steel","F","105","2026-07-22","2026-07-01","1","1","1","allocated","ready","ready","Ready","[false/true/1] [true/false/1]","",""
"SO","SO39352","cmrjk2g5i00xlbsmbulnpk6rr","2026-07-22","11","GDT650SYVFS","GE Dishwasher, Stainless Tub\24"" Width\Through Hndl\Long Dr\47 dBA\16 Place Settings\ENERGY STAR® Qualified \ Connectable via module, FS - Anti-Fingerprint Stainless","F","105","2026-07-22","2026-07-01","1","1","1","allocated","ready","ready","Ready","[false/true/1] [true/false/1]","",""
"SO","SO39352","cmrjk2g5i00xlbsmbulnpk6rr","2026-07-22","14","INSTALL-MLD","Internal Installation - MLD","L","113","2026-07-22",,"1","1","0","not_allocated","eta_pending","eta_pending","ETA pending","[false/false/1]","",""
"SO","SO39686","cmrjk2jqm00y7bsmbzwvmiqo4","2026-07-22","1","KSGS330SPS","Kitchenaid 5.0 Cu. Ft. Smart Slide-in Gas Range with Convection Cooking Modes","F","105","2026-07-22","2026-07-06","1","1","1","allocated","ready","ready","Ready","[false/true/1] [true/false/1]","",""
"SO","SO39686","cmrjk2jqm00y7bsmbzwvmiqo4","2026-07-22","3","30-48KITRC","Whirlpool 4Ft Gas Range Install Kit-Cont","F","104","2026-07-22",,"1","1","0","not_allocated","eta_pending","eta_pending","ETA pending","[false/false/1]","",""
"SO","SO39686","cmrjk2jqm00y7bsmbzwvmiqo4","2026-07-22","5","KDTS324SPS","Kitchen Aid Dw03G-P3 Gws Ss Fid, Dos","F","105","2026-07-22",,"1","1","0","not_allocated","eta_pending","eta_pending","ETA pending","[false/false/1]","",""
"SO","SO39686","cmrjk2jqm00y7bsmbzwvmiqo4","2026-07-22","7","21-55472SS","Arrow Angled Dishwasher Line, Stainless Steel 72""","F","104","2026-07-22",,"1","1","0","not_allocated","eta_pending","eta_pending","ETA pending","[false/false/1]","",""
"SO","SO39686","cmrjk2jqm00y7bsmbzwvmiqo4","2026-07-22","9","60-96","Arrow 6' Right Angle Flat Cord, 110V 16/3 Wire, Disposer / Dishwasher","F","104","2026-07-22",,"1","1","0","not_allocated","eta_pending","eta_pending","ETA pending","[false/false/1]","",""
"SO","SO39686","cmrjk2jqm00y7bsmbzwvmiqo4","2026-07-22","11","KMMF330PSS","Kitchen Aid Kitchenaid Flush-To-Cab Over-The-Range M","F","105","2026-07-22","2026-07-06","1","1","1","allocated","ready","ready","Ready","[false/true/1] [true/false/1]","",""
"SO","SO39687","cmrjk2m0h00ysbsmb6htzn2io","2026-07-22","1","KSGS330SPS","Kitchenaid 5.0 Cu. Ft. Smart Slide-in Gas Range with Convection Cooking Modes","F","105","2026-07-22","2026-07-06","1","1","1","allocated","ready","ready","Ready","[false/true/1] [true/false/1]","",""
"SO","SO39687","cmrjk2m0h00ysbsmb6htzn2io","2026-07-22","3","30-48KITRC","Whirlpool 4Ft Gas Range Install Kit-Cont","F","104","2026-07-22",,"1","1","0","not_allocated","eta_pending","eta_pending","ETA pending","[false/false/1]","",""
"SO","SO39687","cmrjk2m0h00ysbsmb6htzn2io","2026-07-22","5","KDTS324SPS","Kitchen Aid Dw03G-P3 Gws Ss Fid, Dos","F","105","2026-07-22",,"1","1","0","not_allocated","eta_pending","eta_pending","ETA pending","[false/false/1]","",""
"SO","SO39687","cmrjk2m0h00ysbsmb6htzn2io","2026-07-22","7","21-55472SS","Arrow Angled Dishwasher Line, Stainless Steel 72""","F","104","2026-07-22",,"1","1","0","not_allocated","eta_pending","eta_pending","ETA pending","[false/false/1]","",""
"SO","SO39687","cmrjk2m0h00ysbsmb6htzn2io","2026-07-22","9","60-96","Arrow 6' Right Angle Flat Cord, 110V 16/3 Wire, Disposer / Dishwasher","F","104","2026-07-22",,"1","1","0","not_allocated","eta_pending","eta_pending","ETA pending","[false/false/1]","",""
"SO","SO39687","cmrjk2m0h00ysbsmb6htzn2io","2026-07-22","11","KMMF330PSS","Kitchen Aid Kitchenaid Flush-To-Cab Over-The-Range M","F","105","2026-07-22","2026-07-06","1","1","1","allocated","ready","ready","Ready","[false/true/1] [true/false/1]","",""
"SO","SO39908","cmrjk2ps7010bbsmb2wy1w9a0","2026-07-22","3","L30WD-1-PB","Lynx 30"" Warming Drawer - Pacific Blue","F","106","2026-07-22","2026-09-09","1","1","0","not_allocated","backordered","backordered","Backordered","[false/false/1]","",""
"SO","SO39908","cmrjk2ps7010bbsmb2wy1w9a0","2026-07-22","7","L36TR-PBNG","Lynx 36"" Built-In Grill - 1 Trident™ w/ Rotisserie - Pacific Blue","F","106","2026-07-22","2026-09-09","1","1","0","not_allocated","backordered","backordered","Backordered","[false/false/1]","",""
"SO","SO39908","cmrjk2ps7010bbsmb2wy1w9a0","2026-07-22","18","LMD","Lynx Professional Classic Modular Drawer","F","121","2026-07-22","2026-08-05","4","2","2","allocated","ready","ready","Ready","[false/true/4] [true/true/2] [true/false/1] [true/false/1]","",""
"SO","SO39908","cmrjk2ps7010bbsmb2wy1w9a0","2026-07-22","53","LMD","Lynx Professional Classic Modular Drawer","F","121","2026-07-22",,"0","0","0","complete","complete","complete","Complete","","",""
"SO","SO39963","cmrjk2sso010obsmbnmvxymav","2026-07-22","1","PRB24C01CG","Presrv by Zephyr Beverage, 24 Inch Compact, Ss + Glass, Reversible, 1 Zone","F","106","2026-07-22","2026-07-03","1","1","0","not_allocated","expected_on_time","expected_on_time","Expected on time","[false/true/1] [false/false/1]","",""
"SO","SO39963","cmrjk2sso010obsmbnmvxymav","2026-07-22","3","UHCP115-SS81A","U-Line Clear Ice Machine 15"" Pump Reversible Hinge Stainless Solid 115v BrightShield, Reversible, STAINLESS, 833790059022","F","106","2026-07-22","2026-07-03","1","1","1","allocated","ready","ready","Ready","[false/true/1] [true/false/1]","",""
"SO","SO40083","cmrjk2vmg0111bsmbhct2muf0","2026-07-22","1","PJE23BYWFS","GE 36 Inch Counter-Depth Smart 4-Door French-Door Refrigerator with 23.2 cu. ft. Capacity, 4 Glass Shelves, Adjustable Temperature Drawer, TwinChill™, Dual-Dispense AutoFill Pitcher, and ENERGY STAR","F","105","2026-07-22","2026-07-13","1","1","1","allocated","ready","ready","Ready","[false/true/1] [true/false/1]","",""
"SO","SO40083","cmrjk2vmg0111bsmbhct2muf0","2026-07-22","3","SGS365TS","Thermador 36"" Masterpiece 5 Burner Gas Cooktop","F","106","2026-07-22","2026-07-01","1","1","1","allocated","ready","ready","Ready","[false/true/1] [true/false/1]","",""
"SO","SO40181","cmrjk2y6d011tbsmbsxbjz1m2","2026-07-22","2","WM4000HWA","LG 4.5 cu.ft. Front Load Washer with AIDD, TurboWash, Steam, White, ""Energy Star"",","F","105","2026-07-22","2026-09-06","1","1","0","not_allocated","backordered","backordered","Backordered","[false/false/1]","",""
"SO","SO40181","cmrjk2y6d011tbsmbsxbjz1m2","2026-07-22","4","DLEX4000W","LG 7.4 cu.ft. Electric Dryer with Sensor Dry, TurboSteam™, White, ""Energy Star"",","F","105","2026-07-22","2026-07-15","1","1","0","not_allocated","expected_on_time","expected_on_time","Expected on time","[false/false/1]","",""
"SO","SO40181","cmrjk2y6d011tbsmbsxbjz1m2","2026-07-22","7","WM4000HBA","LG 4.5 cu.ft. Front Load Washer with AIDD, TurboWash, Steam, Black Steel, ""Energy Star"",","F","105","2026-07-22","2026-07-17","1","1","0","not_allocated","expected_on_time","expected_on_time","Expected on time","[false/false/1]","",""
"SO","SO40181","cmrjk2y6d011tbsmbsxbjz1m2","2026-07-22","9","DLEX4000B","LG 7.4 cu.ft. Electric Dryer with Sensor Dry, TurboSteam™ Black Steel, ""Energy Star"",","F","105","2026-07-22","2026-07-17","1","1","0","not_allocated","expected_on_time","expected_on_time","Expected on time","[false/false/1]","",""
"SO","SO40181","cmrjk2y6d011tbsmbsxbjz1m2","2026-07-22","11","KSTK4","LG 27” Chrome Stacking Kit,","F","104","2026-07-22","2026-07-22","1","1","0","not_allocated","expected_on_time","expected_on_time","Expected on time","[false/false/1]","",""
"SO","SO40181","cmrjk2y6d011tbsmbsxbjz1m2","2026-07-22","13","KSTK4","LG 27” Chrome Stacking Kit,","F","104","2026-07-22","2026-07-22","1","1","0","not_allocated","expected_on_time","expected_on_time","Expected on time","[false/false/1]","",""
"SO","SO40181","cmrjk2y6d011tbsmbsxbjz1m2","2026-07-22","15","50-116P2","Arrow Washing Machine Fill Hoses","F","104","2026-07-22",,"2","2","0","not_allocated","eta_pending","eta_pending","ETA pending","[false/false/2]","",""
"SO","SO40181","cmrjk2y6d011tbsmbsxbjz1m2","2026-07-22","17","03-008SSP","Arrow Steam Dryer kit with 12” SS hose, 6’ SS hose w/elbow, male hose wye and hose washers","F","104","2026-07-22",,"2","2","0","not_allocated","eta_pending","eta_pending","ETA pending","[false/false/2]","",""
"SO","SO40181","cmrjk2y6d011tbsmbsxbjz1m2","2026-07-22","19","60-56A","Arrow Industries 4 Wire Dryer Cord, 220V, 30 Amp, 6 Foot","F","104","2026-07-22",,"2","2","0","not_allocated","eta_pending","eta_pending","ETA pending","[false/false/2]","",""
"SO","SO40259","cmrjk30o00125bsmbbc9eg9l4","2026-07-22","1","CBIH3617BE","LG 36"" Induction Cooktop, 5 Elements, 5.0kW Power element, Red Bar, Bridge, ThinQ®, ADA Compliant, ""Energy Star"",","F","105","2026-07-22","2026-07-08","1","1","1","allocated","ready","ready","Ready","[false/true/1] [true/false/1]","",""
"SO","SO40259","cmrjk30o00125bsmbbc9eg9l4","2026-07-22","3","SHX78CM5N","Bosch 800 Bar Hndl, 5/4 cycles, 42 dBA, Flex 3rd Rck, InfoLight, CrystalDry - SS","F","106","2026-07-22",,"1","1","1","allocated","ready","ready","Ready","[true/false/1]","",""
"SO","SO40259","cmrjk30o00125bsmbbc9eg9l4","2026-07-22","5","CTD70DP2NS1","Cafe Wall Oven, 30"" Width\Dbl Elec\Slf & Stm Cln\Conv (Both)\7"" Full-Clr Tch LCD Scrn\2x Roller Rck, Meat Prb\Prec Ckg, Hot-Air Fry \ Connectable via built-in WiFi \ Est Drop Date = JUN-26, S1-Stainless/Brushed Stainless","F","105","2026-07-22",,"1","1","1","allocated","ready","ready","Ready","[true/false/1]","",""
"SO","SO40400","cmrjk32n0012dbsmbp2o4g4k6","2026-07-22","1","WM5800HVA","LG 5.0 cu.ft. Front Load Washer with AIDD, TurboWash 360, Steam, Graphite Steel, ""Energy Star"",","F","105","2026-07-22",,"1","0","0","complete","complete","complete","Complete","[false/true/1]","",""
"SO","SO40400","cmrjk32n0012dbsmbp2o4g4k6","2026-07-22","3","DELIVERY - GARAGE - STD","Delivery Of Standard Appliances To Garage","N","111","2026-07-22",,"1","0","0","ignored","ignored","ignored","Ignored","","",""
"SO","SO40466","cmrjk35ub013hbsmbb57n01zf","2026-07-22","1","LDFN4542S","LG Front Control with Pocket Handle, 48 dB, 3rd Rack, EasyRack™ Plus, PrintProof™ Stainless Steel, ""Energy Star"", EOL: 46142","F","105","2026-07-22","2026-07-17","3","3","0","not_allocated","expected_on_time","expected_on_time","Expected on time","[false/false/3]","",""
"SO","SO40466","cmrjk35ub013hbsmbb57n01zf","2026-07-22","3","CSO3050PE/S/P","Wolf 30"" E Series Convection Steam Oven - Professional - Pro Handle","F","106","2026-07-22","2026-07-27","1","1","0","not_allocated","backordered","backordered","Backordered","[false/false/1]","",""
"SO","SO40466","cmrjk35ub013hbsmbb57n01zf","2026-07-22","5","MSER2090S","LG 2.0 cu. ft. Smart Inverter, Anti-Bacteria Easy Clean Coating, Sensor Cook, 2 step open door, Stainless Steel, ADA Compliant,","F","105","2026-07-22","2026-07-17","1","1","0","not_allocated","expected_on_time","expected_on_time","Expected on time","[false/false/1]","",""
"SO","SO40466","cmrjk35ub013hbsmbb57n01zf","2026-07-22","7","MK2030NST","LG 30"" Stainless Steel Built-In Trim Kit,","F","105","2026-07-22","2026-08-26","1","1","0","not_allocated","backordered","backordered","Backordered","[false/false/1]","",""
"SO","SO40466","cmrjk35ub013hbsmbb57n01zf","2026-07-22","9","WM4000HBA","LG 4.5 cu.ft. Front Load Washer with AIDD, TurboWash, Steam, Black Steel, ""Energy Star"",","F","105","2026-07-22","2026-07-17","2","2","0","not_allocated","expected_on_time","expected_on_time","Expected on time","[false/false/2]","",""
"SO","SO40466","cmrjk35ub013hbsmbb57n01zf","2026-07-22","11","DLEX4000B","LG 7.4 cu.ft. Electric Dryer with Sensor Dry, TurboSteam™ Black Steel, ""Energy Star"",","F","105","2026-07-22","2026-07-24","2","2","0","not_allocated","backordered","backordered","Backordered","[false/false/2]","",""
"SO","SO40466","cmrjk35ub013hbsmbb57n01zf","2026-07-22","13","KSTK4","LG 27” Chrome Stacking Kit,","F","104","2026-07-22","2026-08-11","2","2","0","not_allocated","backordered","backordered","Backordered","[false/false/2]","",""
"SO","SO40466","cmrjk35ub013hbsmbb57n01zf","2026-07-22","15","LRFLS3216S","LG 36"" Wide, 32 cu ft. 3 Door French Door, Pocket Handle, Standard Depth, Internal Water Dispenser, PrintProof Stainless Steel ADA Compliant, Energy Star Rated","F","105","2026-07-22","2026-07-17","2","2","0","not_allocated","expected_on_time","expected_on_time","Expected on time","[false/false/2]","",""
"SO","SO40466","cmrjk35ub013hbsmbb57n01zf","2026-07-22","17","APPLIANCE","SINR36 - The ZLINE 36 in. 5.2 cu. ft. Paramount Induction Range with 5 Element Cooktop and Electric Convection Oven in Stainless Steel (SINR36)","F","104","2026-07-22",,"1","1","0","not_allocated","eta_pending","eta_pending","ETA pending","[false/false/1]","",""
"SO","SO40466","cmrjk35ub013hbsmbb57n01zf","2026-07-22","20","INSTALL-MLD","Internal Installation - MLD","L","113","2026-07-22",,"1","1","0","not_allocated","eta_pending","eta_pending","ETA pending","[false/false/1]","",""
"SO","SO40466","cmrjk35ub013hbsmbb57n01zf","2026-07-22","22","04-55172SS","Arrow Industries 7 Ft. Fridge Water Line","F","104","2026-07-22",,"2","2","0","not_allocated","eta_pending","eta_pending","ETA pending","[false/false/2]","",""
"SO","SO40466","cmrjk35ub013hbsmbb57n01zf","2026-07-22","24","21-55472SS","Arrow Angled Dishwasher Line, Stainless Steel 72""","F","104","2026-07-22",,"3","3","0","not_allocated","eta_pending","eta_pending","ETA pending","[false/false/3]","",""
"SO","SO40466","cmrjk35ub013hbsmbb57n01zf","2026-07-22","26","60-86","Arrow 110V Cord. 10 Amp, 6 Foot ( W10278627IP )","F","104","2026-07-22",,"3","3","0","not_allocated","eta_pending","eta_pending","ETA pending","[false/false/3]","",""
"SO","SO40466","cmrjk35ub013hbsmbb57n01zf","2026-07-22","28","03-8212545RP","Arrow Washer Fill Hose (F x F) 5FT, 2/PK (One Red, One Blue)","F","121","2026-07-22",,"2","2","0","not_allocated","eta_pending","eta_pending","ETA pending","[false/false/2]","",""
"SO","SO40466","cmrjk35ub013hbsmbb57n01zf","2026-07-22","30","35-128-5FS","Arrow Industries UL 2158A 4 inch Multilayered Flexible Aluminum Duct (8 Feet)","F","104","2026-07-22",,"2","2","0","not_allocated","eta_pending","eta_pending","ETA pending","[false/false/2]","",""
"SO","SO40466","cmrjk35ub013hbsmbb57n01zf","2026-07-22","32","60-54A","Arrow Industries 4 Wire Dryer Cord, 220V, 30 Amp, 4 Foot","F","104","2026-07-22",,"2","2","0","not_allocated","eta_pending","eta_pending","ETA pending","[false/false/2]","",""
"SO","SO40466","cmrjk35ub013hbsmbb57n01zf","2026-07-22","34","60-44-40A","Arrow Industries 4 Wire Range Cord, 220V,  40 Amp, 4 Foot","F","105","2026-07-22",,"1","1","0","not_allocated","eta_pending","eta_pending","ETA pending","[false/false/1]","",""
"SO","SO40470","cmrkv7ctx014bzwmbgq0b3un4","2026-07-22","1","ALXE-42SZ-NG","Alfresco 42"" Sear Zone  Grill Built-In - Natural Gas","F","106","2026-07-22","2026-07-22","1","1","0","not_allocated","expected_on_time","expected_on_time","Expected on time","[false/false/1]","",""
"SO","SO40480","cmrjk38y40141bsmbl49bi9rd","2026-07-22","1","ELFW7637AT","Electrolux Front Load Perfect Steam™ Washer With Luxcare® Plus Wash And Smartboost® - 4.5 Cu. Ft. The Most Effective Stain-Removing Washer With Smartboost® | Optic Whites™ Cycle Keeps Whites Whiter Than Bleach | Pure Rinse™ Option Rinses Cleaner Titanium -","F","105","2026-07-22",,"1","1","0","not_allocated","eta_pending","eta_pending","ETA pending","[false/false/1]","",""
"SO","SO40480","cmrjk38y40141bsmbl49bi9rd","2026-07-22","3","STACKIT7X","Electrolux Stacking Kit, Laundry","F","104","2026-07-22",,"1","1","0","not_allocated","eta_pending","eta_pending","ETA pending","[false/false/1]","",""
"SO","SO40480","cmrjk38y40141bsmbl49bi9rd","2026-07-22","5","ELFE7637AT","Electrolux Front Load Perfect Steam™ Electric Dryer With Balanced Dry™ And Instant Refresh – 8.0 Cu. Ft. Balanced Dry™ Keeps Clothes Cooler | Get A More Precise Dry With Our Luxcare® Dry System | Instant Refresh Cycle Revives Fabrics Without Washing Titani","F","105","2026-07-22",,"1","1","0","not_allocated","eta_pending","eta_pending","ETA pending","[false/false/1]","",""
"SO","SO40480","cmrjk38y40141bsmbl49bi9rd","2026-07-22","8","11695340","Miele 24"" Dishwasher SS Panel Pocket Handle CTS,G 5266 SCVi SFP (Stainless Steel.)","F","106","2026-07-22",,"1","1","0","not_allocated","eta_pending","eta_pending","ETA pending","[false/false/1]","",""
"SO","SO40480","cmrjk38y40141bsmbl49bi9rd","2026-07-22","10","09614020","Miele Cutlery basket for additional cutlery capacity in the bottom basket.","F","121","2026-07-22",,"1","1","0","not_allocated","eta_pending","eta_pending","ETA pending","[false/false/1]","",""
"SO","SO40502","cmrjk3cy4014bbsmbti63lwee","2026-07-22","1","CG304P/S","Wolf 30"" Gas Cooktop - Professional","F","106","2026-07-22","2026-07-27","1","1","0","not_allocated","backordered","backordered","Backordered","[false/false/1]","",""
"SO","SO40502","cmrjk3cy4014bbsmbti63lwee","2026-07-22","4","9056352","Wolf Knobs, 30” Professional / Black (No Charge Option)","F","121","2026-07-22","2026-07-27","1","1","0","not_allocated","backordered","backordered","Backordered","[false/false/1]","",""
"SO","SO40521","cmrjk3mgm014wbsmbvvtk1vvn","2026-07-22","1","GSS28NYYFS","GE Refrigerator, Std-Depth\""28.0 CuFt\""Hidden Hinge\""Extrnl Ice,Water Dispnr\""XWFE Filter\""ADA Compliant \ Connectable via module, FS - Anti-Fingerprint Stainless","F","105","2026-07-22",,"1","1","1","allocated","ready","ready","Ready","[true/false/1]","",""
"SO","SO40521","cmrjk3mgm014wbsmbvvtk1vvn","2026-07-22","3","JGBS66REKSS","GE Range, 30"" FS\Gas RG\5 Burners\Stm Cln\Aluminum Griddle\Sgl Oven w/ Broil Drwr\Trad Bake \ Not Connectable, SS-Stainless Steel","F","105","2026-07-22",,"1","1","1","allocated","ready","ready","Ready","[true/false/1]","",""
"SO","SO40521","cmrjk3mgm014wbsmbvvtk1vvn","2026-07-22","5","JVM3160RFSS","GE Microwave Oven, 1,000W\1.6 CuFt\300 CFM \ Not Connectable, SS-Stainless Steel","F","105","2026-07-22",,"1","1","0","not_allocated","eta_pending","eta_pending","ETA pending","[false/false/1]","",""
"SO","SO40521","cmrjk3mgm014wbsmbvvtk1vvn","2026-07-22","7","GDT550PYRFS","GE Dishwasher, Plastic Tub\""24"" Width\""Long Dr\""2 Rcks\""ENERGY STAR® Qualified \ Connectable via module, FS - Anti-Fingerprint Stainless","F","105","2026-07-22",,"1","1","1","allocated","ready","ready","Ready","[true/false/1]","",""
"SO","SO40521","cmrjk3mgm014wbsmbvvtk1vvn","2026-07-22","9","DELIVERY - GARAGE - STD","Delivery Of Standard Appliances To Garage","N","111","2026-07-22",,"1","0","0","ignored","ignored","ignored","Ignored","","",""
"SO","SO40521","cmrjk3mgm014wbsmbvvtk1vvn","2026-07-22","10","INSTALL-MLD","Internal Installation - MLD","L","113","2026-07-22",,"1","1","0","not_allocated","eta_pending","eta_pending","ETA pending","[false/false/1]","",""
"SO","SO40521","cmrjk3mgm014wbsmbvvtk1vvn","2026-07-22","12","04-55160SS","Arrow Ice Maker Line, SS Braided 1/4"" C x 1/4""C x60""","F","121","2026-07-22",,"1","1","0","not_allocated","eta_pending","eta_pending","ETA pending","[false/false/1]","",""
"SO","SO40521","cmrjk3mgm014wbsmbvvtk1vvn","2026-07-22","14","21-55472SS","Arrow Angled Dishwasher Line, Stainless Steel 72""","F","104","2026-07-22",,"1","1","0","not_allocated","eta_pending","eta_pending","ETA pending","[false/false/1]","",""